vendor,gstin,invoice_no,invoice_date,description,qty,unit_price
Shree Traders,27ABCDE1234F1Z5,INV-101,2026-05-03,Printer paper A4,10,250
Shree Traders,27ABCDE1234F1Z5,INV-101,2026-05-03,Stapler,5,80
Om Enterprises,27XYZAB5678G1Z2,INV-201,2026-05-10,Office chair,2,3500
Om Enterprises,27XYZAB5678G1Z2,INV-202,2026-05-18,Whiteboard,1,2800
Om Enterprises,27XYZAB5678G1Z2,INV-202,2026-05-18,Marker pack,4,120
TechNova Solutions,27LMNOP4321H1Z9,INV-301,2026-06-02,SSD 1TB,3,5200
TechNova Solutions,27LMNOP4321H1Z9,INV-301,2026-06-02,SATA cable,3,250
TechNova Solutions,27LMNOP4321H1Z9,INV-302,2026-06-22,RAM 16GB,4,3100
Bright Office Supplies,27PQRSX8765J1Z3,INV-401,2026-06-08,Desk lamp,6,950
Bright Office Supplies,27PQRSX8765J1Z3,INV-402,2026-06-27,Filing cabinet,2,6800
Bright Office Supplies,27PQRSX8765J1Z3,INV-402,2026-06-27,Label stickers,10,45
Global Stationers,27HJKLA9988K1Z6,INV-501,2026-07-05,Notebook,25,90
Global Stationers,27HJKLA9988K1Z6,INV-501,2026-07-05,Pen box,10,180
Global Stationers,27HJKLA9988K1Z6,INV-502,2026-07-18,Highlighter,12,75
Apex Industrial,27QWERT5566L1Z1,INV-601,2026-07-09,Safety gloves,20,150
Apex Industrial,27QWERT5566L1Z1,INV-602,2026-07-24,Tool kit,3,4200
Apex Industrial,27QWERT5566L1Z1,INV-602,2026-07-24,Wrench set,2,950
Vertex Electronics,27ZXCVB7788M1Z7,INV-701,2026-08-03,Monitor 24 inch,2,9800
Vertex Electronics,27ZXCVB7788M1Z7,INV-701,2026-08-03,HDMI cable,2,450
Vertex Electronics,27ZXCVB7788M1Z7,INV-702,2026-08-19,Wireless keyboard,5,1450
GreenLeaf Furnishings,27ASDFG1122N1Z8,INV-801,2026-08-07,Wooden table,1,12500
GreenLeaf Furnishings,27ASDFG1122N1Z8,INV-801,2026-08-07,Office stool,2,2200
GreenLeaf Furnishings,27ASDFG1122N1Z8,INV-802,2026-08-25,Bookshelf,1,8400
Shree Traders,27ABCDE1234F1Z5,INV-103,2026-08-12,Sticky notes,20,35
Shree Traders,27ABCDE1234F1Z5,INV-104,2026-08-28,Calculator,3,650
TechNova Solutions,27LMNOP4321H1Z9,INV-303,2026-09-04,USB Hub,4,850
Bright Office Supplies,27PQRSX8765J1Z3,INV-403,2026-09-11,Paper shredder,1,7200
Bright Office Supplies,27PQRSX8765J1Z3,INV-404,2026-09-15,Reception chair,2,5400
Shree Traders,27ABCDE1234F1Z5,INV-105,2026-09-20,Printer paper A4,20,250
Global Stationers,27HJKLA9988K1Z6,INV-503,2026-09-20,Notebook,10,180